{
    "btc": 307397.555556,
    "xlm": 1.58740740741
}
