{
    "btc": 401715.888889,
    "xlm": 2.15888888889
}
