{
    "btc": 397245.909091,
    "xlm": 2.17545454545
}
