{
    "btc": 339771.454545,
    "xlm": 1.77181818182
}
