{
    "btc": 352120.095238,
    "xlm": 1.83428571429
}
