{
    "btc": 455254.888889,
    "xlm": 2.11666666667
}
