{
    "btc": 425985.555556,
    "xlm": 2.24777777778
}
